"leagueName","shortName","firstName","fullName","leagueShortname","lastName","displayName"
"Barclays Premier League","C. Benteke","Christian","Christian Benteke","Premier League","Benteke","Christian Benteke"
"Barclays Premier League","S. Berahino","Saido","Saido Berahino","Premier League","Berahino","Saido Berahino"
"Barclays Premier League","R. Bertrand","Ryan","Ryan Bertrand","Premier League","Bertrand","Ryan Bertrand"
"Barclays Premier League","M. Besic","Muhamed","Muhamed Besic","Premier League","Besic","Muhamed Besic"
"Barclays Premier League","C. Benteke","Christian","Christian Benteke","Premier League","Benteke","Christian Benteke"
"Barclays Premier League","S. Berahino","Saido","Saido Berahino","Premier League","Berahino","Saido Berahino"
"Barclays Premier League","R. Bertrand","Ryan","Ryan Bertrand","Premier League","Bertrand","Ryan Bertrand"
"Barclays Premier League","M. Besic","Muhamed","Muhamed Besic","Premier League","Besic","Muhamed Besic"
"Barclays Premier League","P. Bezzera Maciel Jnior","Paulinho","Paulinho Bezzera Maciel Jnior","Premier League","Bezzera Maciel Jnior","Paulinho"
"Barclays Premier League","M. Biram Diouf","Mame","Mame Biram Diouf","Premier League","Biram Diouf","Mame Biram Diouf"
"Barclays Premier League","T. Blackett","Tyler","Tyler Blackett","Premier League","Blackett","Tyler Blackett"
"Barclays Premier League","S. Blanco","Sebastin","Sebastin Blanco","Premier League","Blanco","Sebastin Blanco"
"Barclays Premier League","D. Blind","Daley","Daley Blind","Premier League","Blind","Daley Blind"
"Barclays Premier League","H. Boateng","Hiram","Hiram Boateng","Premier League","Boateng","Hiram Boateng"
"Barclays Premier League","Y. Bolasie","Yannick","Yannick Bolasie","Premier League","Bolasie","Yannick Bolasie"
"Barclays Premier League","W. Bony","Wilfried","Wilfried Bony","Premier League","Bony","Wilfried Bony"
"Barclays Premier League","F. Borini","Fabio","Fabio Borini","Premier League","Borini","Fabio Borini"
"Barclays Premier League","D. Boyata","Dedryck","Dedryck Boyata","Premier League","Boyata","Dedryck Boyata"
"Barclays Premier League","G. Boyd","George","George Boyd","Premier League","Boyd","George Boyd"
"Barclays Premier League","R. Brady","Robert","Robert Brady","Premier League","Brady","Robert Brady"
"Barclays Premier League","L. Bridcutt","Liam","Liam Bridcutt","Premier League","Bridcutt","Liam Bridcutt"
"Barclays Premier League","L. Britton","Leon","Leon Britton","Premier League","Britton","Leon Britton"
"Barclays Premier League","I. Brown","Ideye","Ideye Aide Brown","Premier League","Brown","Brown Ideye"
"Barclays Premier League","W. Brown","Wes","Wes Brown","Premier League","Brown","Wes Brown"
"Barclays Premier League","T. Browning","Tyias","Tyias Browning","Premier League","Browning","Tyias Browning"
"Barclays Premier League","A. Bruce","Alex","Alex Bruce","Premier League","Bruce","Alex Bruce"
"Barclays Premier League","C. Brunt","Chris","Chris Brunt","Premier League","Brunt","Chris Brunt"
"Barclays Premier League","W. Buckley","William","William Buckley","Premier League","Buckley","William Buckley"
"Barclays Premier League","R. Burke","Reece","Reece Burke","Premier League","Burke","Reece Burke"
"Barclays Premier League","J. Butland","Jack","Jack Butland","Premier League","Butland","Jack Butland"
"Barclays Premier League","W. Caballero","Wilfredo","Wilfredo Caballero","Premier League","Caballero","Wilfredo Caballero"
"Barclays Premier League","R. Cabella","Rmy","Rmy Cabella","Premier League","Cabella","Rmy Cabella"
"Barclays Premier League","G. Cahill","Gary","Gary Cahill","Premier League","Cahill","Gary Cahill"
"Barclays Premier League","E. Cambiasso","Esteban","Esteban Matias Cambiasso","Premier League","Cambiasso","Esteban Cambiasso"
"Barclays Premier League","G. Cameron","Geoff","Geoff Cameron","Premier League","Cameron","Geoff Cameron"
"Barclays Premier League","F. Campbell","Fraizer","Fraizer Campbell","Premier League","Campbell","Fraizer Campbell"
"Barclays Premier League","J. Campbell","Joel","Joel Campbell","Premier League","Campbell","Joel Campbell"
"Barclays Premier League","E. Can","Emre","Emre Can","Premier League","Can","Emre Can"
"Barclays Premier League","E. Capoue","Etienne","Etienne Capoue","Premier League","Capoue","Etienne Capoue"
"Barclays Premier League","M. Carrick","Michael","Michael Carrick","Premier League","Carrick","Michael Carrick"
"Barclays Premier League","A. Carroll","Andy","Andy Carroll","Premier League","Carroll","Andrew Carroll"
"Barclays Premier League","T. Carroll","Thomas","Thomas Carroll","Premier League","Carroll","Thomas Carroll"
"Barclays Premier League","L. Cattermole","Lee","Lee Cattermole","Premier League","Cattermole","Lee Cattermole"
"Barclays Premier League","S. Caulker","Steven","Steven Caulker","Premier League","Caulker","Steven Caulker"
"Barclays Premier League","S. Cazorla","Santi","Santi Gonzalez Cazorla","Premier League","Cazorla","Santi Cazorla"
"Barclays Premier League","C. Ceballos","Cristian","Cristian Ceballos","Premier League","Ceballos","Cristian Ceballos"
"Barclays Premier League","P. Cech","Petr","Petr Cech","Premier League","Cech","Petr Cech"
"Barclays Premier League","N. Chadli","Nacer","Nacer Chadli","Premier League","Chadli","Nacer Chadli"
"Barclays Premier League","N. Chalobah","Nathaniel","Nathaniel Chalobah","Premier League","Chalobah","Nathaniel Chalobah"
"Barclays Premier League","M. Chamakh","Marouane","Marouane Chamakh","Premier League","Chamakh","Marouane Chamakh"
"Barclays Premier League","C. Chambers","Calum","Calum Chambers","Premier League","Chambers","Calum Chambers"
"Barclays Premier League","J. Chester","James","James Chester","Premier League","Chester","James Chester"
"Barclays Premier League","V. Chiriches","Vlad","Vlad Chiriches","Premier League","Chiriches","Vlad Chiriches"
"Barclays Premier League","P. Cisse","Papiss Demba","Papiss Demba Cisse","Premier League","Cisse","Papiss Demba Cisse"
"Barclays Premier League","G. Clichy","Gal","Gal Clichy","Premier League","Clichy","Gal Clichy"
"Barclays Premier League","N. Clyne","Nathaniel","Nathaniel Clyne","Premier League","Clyne","Nathaniel Clyne"
"Barclays Premier League","S. Coates","Sebastin","Sebastin Coates","Premier League","Coates","Sebastin Coates"
"Barclays Premier League","J. Colback","Jack","Jack Colback","Premier League","Colback","Jack Colback"
"Barclays Premier League","C. Cole","Carlton","Carlton Cole","Premier League","Cole","Carlton Cole"
"Barclays Premier League","J. Cole","Joe","Joe Cole","Premier League","Cole","Joe Cole"
"Barclays Premier League","S. Coleman","Seamus","Seamus Coleman","Premier League","Coleman","Seamus Coleman"
"Barclays Premier League","J. Collins","James","James Collins","Premier League","Collins","James Collins"
"Barclays Premier League","F. Coloccini","Fabricio","Fabricio Coloccini","Premier League","Coloccini","Fabricio Coloccini"
"Barclays Premier League","F. Coquelin","Francis","Francis Coquelin","Premier League","Coquelin","Francis Coquelin"
"Barclays Premier League","J. Cork","Jack","Jack  Cork","Premier League","Cork","Jack  Cork"
"Barclays Premier League","T. Courtois","Thibaut","Thibaut Courtois","Premier League","Courtois","Thibaut Courtois"
"Barclays Premier League","P. Coutinho","Philippe","Philippe Coutinho","Premier League","Coutinho","Philippe Coutinho"
"Barclays Premier League","A. Cresswell","Aaron","Aaron Cresswell","Premier League","Cresswell","Aaron Cresswell"
"Barclays Premier League","P. Crouch","Peter","Peter Crouch","Premier League","Crouch","Peter Crouch"
"Barclays Premier League","R. Da Silva","Rafael","Rafael Da Silva","Premier League","Da Silva","Rafael"
"Barclays Premier League","W. Da Silva","Willian","Willian Borges Da Silva","Premier League","Da Silva","Willian"
"Barclays Premier League","D. da Silva Costa","Diego","Diego da Silva Costa","Premier League","da Silva Costa","Diego Costa"
"Barclays Premier League","D. Daniels","Donervon","Donervon Daniels","Premier League","Daniels","Donervon Daniels"
"Barclays Premier League","L. Daniels","Luke","Luke Daniels","Premier League","Daniels","Luke Daniels"
"Barclays Premier League","S. Dann","Scott","Scott Dann","Premier League","Dann","Scott Dann"
"Barclays Premier League","J. Davidson","Jason","Jason Davidson","Premier League","Davidson","Jason Davidson"
"Barclays Premier League","B. Davies","Ben","Ben Davies","Premier League","Davies","Ben Davies"
"Barclays Premier League","C. Davies","Curtis","Curtis Davies","Premier League","Davies","Curtis Davies"
"Barclays Premier League","K. Davis","Kelvin","Kelvin Davis","Premier League","Davis","Kelvin Davis"
"Barclays Premier League","S. Davis","Steven","Steven Davis","Premier League","Davis","Steven Davis"
"Barclays Premier League","C. Dawson","Craig","Craig Dawson","Premier League","Dawson","Craig Dawson"
"Barclays Premier League","M. Dawson","Michael","Michael Dawson","Premier League","Dawson","Michael Dawson"
"Barclays Premier League","D. De Gea","David","David Quintana De Gea","Premier League","De Gea","David De Gea"
"Barclays Premier League","S. De Jong","Siem","Siem De Jong","Premier League","De Jong","Siem De Jong"
"Barclays Premier League","R. De Laet","Ritchie","Ritchie De Laet","Premier League","De Laet","Ritchie De Laet"
"Barclays Premier League","M. Debuchy","Mathieu","Mathieu Debuchy","Premier League","Debuchy","Mathieu Debuchy"
"Barclays Premier League","D. Delaney","Damien","Damien Delaney","Premier League","Delaney","Damien Delaney"
"Barclays Premier League","F. Delph","Fabian","Fabian Delph","Premier League","Delph","Fabian Delph"
"Barclays Premier League","M. Dembl","Mousa","Mousa Dembl","Premier League","Dembl","Mousa Dembl"
"Barclays Premier League","G. Demel","Guy","Guy Demel","Premier League","Demel","Guy Demel"
"Barclays Premier League","M. Demichelis","Martn","Martn Demichelis","Premier League","Demichelis","Martn Demichelis"
"Barclays Premier League",". Di Mara","ngel","ngel Di Mara","Premier League","Di Mara","ngel Di Mara"
"Barclays Premier League","M. Diame","Mohamed","Mohamed Diame","Premier League","Diame","Mohamed Diame"
"Barclays Premier League","E. Dier","Eric","Eric Dier","Premier League","Dier","Eric Dier"
"Barclays Premier League","S. Distin","Sylvain","Sylvain Distin","Premier League","Distin","Sylvain Distin"
"Barclays Premier League","G. Dorrans","Graham","Graham Dorrans","Premier League","Dorrans","Graham Dorrans"
"Barclays Premier League","O. dos Santos Emboaba Jnior","Oscar","Oscar dos Santos Emboaba Jnior","Premier League","dos Santos Emboaba Jnior","Oscar"
"Barclays Premier League","S. Downing","Stewart","Stewart Downing","Premier League","Downing","Stewart Downing"
"Barclays Premier League","K. Doyle","Kevin","Kevin Doyle","Premier League","Doyle","Kevin Doyle"
"Barclays Premier League","D. Drinkwater","Daniel","Daniel Drinkwater","Premier League","Drinkwater","Daniel Drinkwater"
"Barclays Premier League","D. Drogba","Didier","Didier Drogba","Premier League","Drogba","Didier Drogba"
"Barclays Premier League","M. Duff","Mike","Mike Duff","Premier League","Duff","Mike Duff"
"Barclays Premier League","P. Dummett","Paul","Paul Dummett","Premier League","Dummett","Paul Dummett"
"Barclays Premier League","C. Dummigan","Cameron","Cameron Dummigan","Premier League","Dummigan","Cameron Dummigan"
"Barclays Premier League","M. Duff","Mike","Mike Duff","Premier League","Duff","Mike Duff"
"Barclays Premier League","P. Dummett","Paul","Paul Dummett","Premier League","Dummett","Paul Dummett"
"Barclays Premier League","C. Dummigan","Cameron","Cameron Dummigan","Premier League","Dummigan","Cameron Dummigan"
"Barclays Premier League","R. Dunne","Richard","Richard Dunne","Premier League","Dunne","Richard Dunne"
"Barclays Premier League","N. Dyer","Nathan","Nathan Dyer","Premier League","Dyer","Nathan Dyer"
"Barclays Premier League","E. Dzeko","Edin","Edin Dzeko","Premier League","Dzeko","Edin Dzeko"
"Barclays Premier League","K. El Ahmadi","Karim","Karim El Ahmadi","Premier League","El Ahmadi","Karim El Ahmadi"
"Barclays Premier League","R. Elliot","Robert","Robert Elliot","Premier League","Elliot","Robert Elliot"
"Barclays Premier League","A. Elmohamady","Ahmed","Ahmed Elmohamady","Premier League","Elmohamady","Ahmed Elmohamady"
"Barclays Premier League","M. Emnes","Marvin","Marvin Emnes","Premier League","Emnes","Marvin Emnes"
"Barclays Premier League","C. Eriksen","Christian","Christian Eriksen","Premier League","Eriksen","Christian Eriksen"
"Barclays Premier League","J. Esmoris Tasende","Jose Angel","Jose Angel Esmoris Tasende","Premier League","Esmoris Tasende","Jose Angel Esmoris Tasende"
"Barclays Premier League","S. Eto'o","Samuel","Samuel Eto'o","Premier League","Eto'o","Samuel Eto'o"
"Barclays Premier League","J. Evans","Jonny","Jonathan Evans","Premier League","Evans","Jonathan Evans"
"Barclays Premier League","L. Fabianski","Lukasz","Lukasz Fabianski","Premier League","Fabianski","Lukasz Fabianski"
"Barclays Premier League","R. Falcao Garcia","Radamel","Radamel Zarate Falcao Garcia","Premier League","Falcao Garcia","Radamel Falcao"
"Barclays Premier League","A. Faurlin","Alejandro Damian","Alejandro Damian Faurlin","Premier League","Faurlin","Alejandro Damian Faurlin"
"Barclays Premier League","F. Fazio","Federico","Federico Fazio","Premier League","Fazio","Federico Fazio"
"Barclays Premier League","M. Fellaini","Marouane","Marouane Fellaini","Premier League","Fellaini","Marouane Fellaini"
"Barclays Premier League","L. Fer","Leroy","Leroy Fer","Premier League","Fer","Leroy Fer"
"Barclays Premier League","R. Ferdinand","Rio","Rio Ferdinand","Premier League","Ferdinand","Rio Ferdinand"
"Barclays Premier League","J. Fernandez Saez","Jesus","Jesus Fernandez Saez","Premier League","Fernandez Saez","Suso"
"Barclays Premier League","F. Fernndez","Federico","Federico Fernndez","Premier League","Fernndez","Federico Fernndez"
"Barclays Premier League","F. Ferreyra","Facundo","Facundo Ferreyra","Premier League","Ferreyra","Facundo Ferreyra"
"Barclays Premier League","M. Figueroa","Maynor","Maynor Figueroa","Premier League","Figueroa","Maynor Figueroa"
"Barclays Premier League","M. Flamini","Mathieu","Mathieu Flamini","Premier League","Flamini","Mathieu Flamini"
"Barclays Premier League","D. Fletcher","Darren","Darren Fletcher","Premier League","Fletcher","Darren Fletcher"
"Barclays Premier League","S. Fletcher","Steven","Steven Fletcher","Premier League","Fletcher","Steven Fletcher"
"Barclays Premier League","J. Fonte","Jose","Jose Fonte","Premier League","Fonte","Jose Fonte"
"Barclays Premier League","F. Forster","Fraser","Fraser Forster","Premier League","Forster","Fraser Forster"
"Barclays Premier League","B. Foster","Ben","Ben Foster","Premier League","Foster","Ben Foster"
"Barclays Premier League","B. Friedel","Brad","Brad Friedel","Premier League","Friedel","Brad Friedel"
"Barclays Premier League","E. Fryers","Ezekiel","Ezekiel Fryers","Premier League","Fryers","Ezekiel Fryers"
"Barclays Premier League","J. Fulton","Jay","Jay Fulton","Premier League","Fulton","Jay Fulton"
"Barclays Premier League","C. Fbregas","Cesc","Cesc Fbregas","Premier League","Fbregas","Cesc Fbregas"
"Barclays Premier League","C. Gamboa","Cristian","Cristian Gamboa","Premier League","Gamboa","Cristian Gamboa"
"Barclays Premier League","L. Garbutt","Luke","Luke Garbutt","Premier League","Garbutt","Luke Garbutt"
"Barclays Premier League","C. Gardner","Craig","Craig Gardner","Premier League","Gardner","Craig Gardner"
"Barclays Premier League","F. Gardos","Florin","Florin Gardos","Premier League","Gardos","Florin Gardos"
"Barclays Premier League","D. Gayle","Dwight","Dwight Gayle","Premier League","Gayle","Dwight Gayle"
"Barclays Premier League","S. Gerrard","Steven","Steven Gerrard","Premier League","Gerrard","Steven Gerrard"
"Barclays Premier League","E. Giaccherini","Emanuele","Emanuele Giaccherini","Premier League","Giaccherini","Emanuele Giaccherini"
"Barclays Premier League","K. Gibbs","Kieran","Kieran Gibbs","Premier League","Gibbs","Kieran Gibbs"
"Barclays Premier League","D. Gibson","Darron","Darron Gibson","Premier League","Gibson","Darron Gibson"
"Barclays Premier League","M. Gilks","Matthew","Matthew Gilks","Premier League","Gilks","Matthew Gilks"
"Barclays Premier League","O. Giroud","Olivier","Olivier Giroud","Premier League","Giroud","Olivier Giroud"
"Barclays Premier League","S. Given","Shay","Shay Given","Premier League","Given","Shay Given"
"Barclays Premier League","B. Gomis","Bafetimbi","Bafetimbi Gomis","Premier League","Gomis","Bafetimbi Gomis"
"Barclays Premier League","V. Gonalves Varela","Varela","Varela Manuel Goncalves Gonalves Varela","Premier League","Gonalves Varela","Varela"
"Barclays Premier League","Y. Gouffran","Yoan","Yoan Gouffran","Premier League","Gouffran","Yoan Gouffran"
"Barclays Premier League","D. Graham","Danny","Danny Graham","Premier League","Graham","Danny Graham"
"Barclays Premier League","J. Grealish","Jack","Jack Grealish","Premier League","Grealish","Jack Grealish"
"Barclays Premier League","R. Green","Robert","Robert Green","Premier League","Green","Robert Green"
"Barclays Premier League","A. Guedioura","Adlene","Adlne Gudioura","Premier League","Guedioura","Adlene Guedioura"
"Barclays Premier League","S. Guimares Cordeiro","Sandro","Sandro Ranieri Guimares Cordeiro","Premier League","Guimares Cordeiro","Sandro"
"Barclays Premier League","B. Guzan","Brad","Brad Guzan","Premier League","Guzan","Brad Guzan"
"Barclays Premier League","J. Gmez Garca-Penche","Jordi","Jordi Gmez Garca-Penche","Premier League","Gmez Garca-Penche","Jordi Gmez"
"Barclays Premier League","M. Haidara","Massadio","Massadio Haidara","Premier League","Haidara","Massadio Haidara"
"Barclays Premier League","B. Hamer","Ben","Ben Hamer","Premier League","Hamer","Ben Hamer"
"Barclays Premier League","D. Hammond","Dean","Dean Hammond","Premier League","Hammond","Dean Hammond"
"Barclays Premier League","B. Hangeland","Brede","Brede Hangeland","Premier League","Hangeland","Brede Hangeland"
"Barclays Premier League","S. Harper","Steve","Steve Harper","Premier League","Harper","Steve Harper"
"Barclays Premier League","J. Hart","Joe","Joe Hart","Premier League","Hart","Joe Hart"
"Barclays Premier League","E. Hazard","Eden","Eden Hazard","Premier League","Hazard","Eden Hazard"
"Barclays Premier League","T. Heaton","Tom","Tom Heaton","Premier League","Heaton","Tom Heaton"
"Barclays Premier League","J. Henderson","Jordan","Jordan Henderson","Premier League","Henderson","Jordan Henderson"
"Barclays Premier League","W. Hennessey","Wayne","Wayne Hennessey","Premier League","Hennessey","Wayne Hennessey"
"Barclays Premier League","K. Henry","Karl","Karl Henry","Premier League","Henry","Karl Henry"
"Barclays Premier League","C. Herd","Chris","Chris Herd","Premier League","Herd","Chris Herd"
"Barclays Premier League","A. Hernndez","Abel","Abel Hernndez","Premier League","Hernndez","Abel Hernndez"
"Barclays Premier League","J. Hernndez","Javier","Javier Hernndez","Premier League","Hernndez","Javier Hernndez"
"Barclays Premier League","A. Herrera Aguera","Ander","Ander Herrera Aguera","Premier League","Herrera Aguera","Ander Herrera"
"Barclays Premier League","S. Hewitt","Steven","Steven Hewitt","Premier League","Hewitt","Steven Hewitt"
"Barclays Premier League","T. Hibbert","Tony","Tony Hibbert","Premier League","Hibbert","Tony Hibbert"
"Barclays Premier League","C. Hill","Clint","Clint Hill","Premier League","Hill","Clint Hill"
"Barclays Premier League","D. Hoilett","David","David Hoilett","Premier League","Hoilett","David Hoilett"
"Barclays Premier League","L. Holtby","Lewis","Lewis Holtby","Premier League","Holtby","Lewis Holtby"
"Barclays Premier League","J. Hooiveld","Jos","Jos Hooiveld","Premier League","Hooiveld","Jos Hooiveld"
"Barclays Premier League","T. Hopper","Tom","Tom Hopper","Premier League","Hopper","Tom Hopper"
"Barclays Premier League","T. Howard","Tim","Tim Howard","Premier League","Howard","Tim Howard"
"Barclays Premier League","T. Huddlestone","Tom","Tom Huddlestone","Premier League","Huddlestone","Tom Huddlestone"
"Barclays Premier League","R. Huth","Robert","Robert Huth","Premier League","Huth","Robert Huth"
"Barclays Premier League","A. Hutton","Alan","Alan Hutton","Premier League","Hutton","Alan Hutton"
"Barclays Premier League","J. Ibe","Jordan","Jordan Ibe","Premier League","Ibe","Jordan Ibe"
"Barclays Premier League","T. Ince","Thomas","Thomas Ince","Premier League","Ince","Thomas Ince"
"Barclays Premier League","D. Ings","Danny","Danny Ings","Premier League","Ings","Danny Ings"
"Barclays Premier League","S. Ireland","Stephen","Stephen Ireland","Premier League","Ireland","Stephen Ireland"
"Barclays Premier League","L. Isgrove","Lloyd","Lloyd Isgrove","Premier League","Isgrove","Lloyd Isgrove"
"Barclays Premier League","M. Isla","Mauricio","Mauricio Isla","Premier League","Isla","Mauricio Isla"
"Barclays Premier League","B. Ivanovic","Branislav","Branislav Ivanovic","Premier League","Ivanovic","Branislav Ivanovic"
"Barclays Premier League","J. Jaaskelainen","Jussi","Jussi Jaaskelainen","Premier League","Jaaskelainen","Jussi Jaaskelainen"
"Barclays Premier League","P. Jagielka","Phil","Phil Jagielka","Premier League","Jagielka","Phil Jagielka"
"Barclays Premier League","E. Jakupovic","Eldin","Eldin Jakupovic","Premier League","Jakupovic","Eldin Jakupovic"
"Barclays Premier League","M. James","Matthew","Matthew James","Premier League","James","Matthew James"
"Barclays Premier League","R. James","Reece","Reece James","Premier League","James","Reece James"
"Barclays Premier League","D. Janmaat","Daryl","Daryl Janmaat","Premier League","Janmaat","Daryl Janmaat"
"Barclays Premier League","A. Januzaj","Adnan","Adnan Januzaj","Premier League","Januzaj","Adnan Januzaj"
"Barclays Premier League","M. Jarvis","Matthew","Matthew Jarvis","Premier League","Jarvis","Matthew Jarvis"
"Barclays Premier League","M. Jedinak","Mile","Mile Jedinak","Premier League","Jedinak","Mile Jedinak"
"Barclays Premier League","N. Jelavic","Nikica","Nikica Jelavic","Premier League","Jelavic","Nikica Jelavic"
"Barclays Premier League","C. Jenkinson","Carl","Carl Jenkinson","Premier League","Jenkinson","Carl Jenkinson"
"Barclays Premier League","A. Johnson","Adam","Adam Johnson","Premier League","Johnson","Adam Johnson"
"Barclays Premier League","A. Johnson","Andrew","Andrew Johnson","Premier League","Johnson","Andrew Johnson"
"Barclays Premier League","G. Johnson","Glen","Glen Johnson","Premier League","Johnson","Glen Johnson"
"Barclays Premier League","B. Jones","Billy","Billy Jones","Premier League","Jones","Billy Jones"
"Barclays Premier League","B. Jones","Brad","Brad Jones","Premier League","Jones","Brad Jones"
"Barclays Premier League","D. Jones","David","David Frank Llwyd Jones","Premier League","Jones","David Jones"
"Barclays Premier League","P. Jones","Phil","Phil Jones","Premier League","Jones","Phil Jones"
"Barclays Premier League","S. Jovetic","Stevan","Stevan Jovetic","Premier League","Jovetic","Stevan Jovetic"
"Barclays Premier League","L. Jutkiewicz","Lucas","Lucas Jutkiewicz","Premier League","Jutkiewicz","Lucas Jutkiewicz"
"Barclays Premier League","Y. Kaboul","Younes","Younes Kaboul","Premier League","Kaboul","Younes Kaboul"
"Barclays Premier League","S. Kagawa","Shinji","Shinji Kagawa","Premier League","Kagawa","Shinji Kagawa"
"Barclays Premier League","H. Kane","Harry","Harry Kane","Premier League","Kane","Harry Kane"
"Barclays Premier League","F. Kasmirski","Filipe","Filipe Luis Kasmirski","Premier League","Kasmirski","Filipe Luis"
"Barclays Premier League","M. Keane","Michael","Michael Keane","Premier League","Keane","Michael Keane"
"Barclays Premier League","W. Keane","William","William Keane","Premier League","Keane","William Keane"
"Barclays Premier League","M. Kelly","Martin","Martin Kelly","Premier League","Kelly","Martin Kelly"
"Barclays Premier League","M. Kightly","Michael","Michael Kightly","Premier League","Kightly","Michael Kightly"
"Barclays Premier League","A. King","Andy","Andy King","Premier League","King","Andy King"
"Barclays Premier League","A. Kolarov","Aleksandar","Aleksandar Kolarov","Premier League","Kolarov","Aleksandar Kolarov"
"Barclays Premier League","V. Kompany","Vincent","Vincent Kompany","Premier League","Kompany","Vincent Kompany"
"Barclays Premier League","P. Konchesky","Paul","Paul Konchesky","Premier League","Konchesky","Paul Konchesky"
"Barclays Premier League","A. Konckaert","Anthony","Anthony Konckaert","Premier League","Konckaert","Anthony Konckaert"
"Barclays Premier League","L. Koscielny","Laurent","Laurent Koscielny","Premier League","Koscielny","Laurent Koscielny"
"Barclays Premier League","C. Kouyat","Cheikhou","Cheikhou Kouyat","Premier League","Kouyat","Cheikhou Kouyat"
"Barclays Premier League","N. Kranjcar","Niko","Niko Kranjcar","Premier League","Kranjcar","Niko Kranjcar"
"Barclays Premier League","B. Krkic","Bojan","Bojan Krkic","Premier League","Krkic","Bojan Krkic"
"Barclays Premier League","T. Krul","Tim","Tim Krul","Premier League","Krul","Tim Krul"
"Barclays Premier League","D. Lafferty","Daniel","Daniel Lafferty","Premier League","Lafferty","Daniel Lafferty"
"Barclays Premier League","A. Lallana","Adam","Adam Lallana","Premier League","Lallana","Adam Lallana"
"Barclays Premier League","R. Lambert","Rickie","Rickie Lambert","Premier League","Lambert","Rickie Lambert"
"Barclays Premier League","E. Lamela","Erik","Erik Lamela","Premier League","Lamela","Erik Lamela"
"Barclays Premier League","F. Lampard","Frank","Frank Lampard","Premier League","Lampard","Frank Lampard"
"Barclays Premier League","S. Larsson","Sebastian","Sebastian Larsson","Premier League","Larsson","Sebastian Larsson"
"Barclays Premier League","J. Ledley","Joe","Joe Ledley","Premier League","Ledley","Joe Ledley"
"Barclays Premier League","R. Ledson","Ryan","Ryan Ledson","Premier League","Ledson","Ryan Ledson"
"Barclays Premier League","E. Lee","Elliot","Elliot Lee","Premier League","Lee","Elliot Lee"
"Barclays Premier League","A. Lennon","Aaron","Aaron Lennon","Premier League","Lennon","Aaron Lennon"
"Barclays Premier League","J. Lescott","Joleon","Joleon Lescott","Premier League","Lescott","Joleon Lescott"
"Barclays Premier League","A. Lindegaard","Anders","Anders Lindegaard","Premier League","Lindegaard","Anders Lindegaard"
"Barclays Premier League","J. Lingard","Jesse","Jesse Lingard","Premier League","Lingard","Jesse Lingard"
"Barclays Premier League","J. Livermore","Jake","Jake Livermore","Premier League","Livermore","Jake Livermore"
"Barclays Premier League","S. Lletget","Sebastian","Sebastian Lletget","Premier League","Lletget","Sebastian Lletget"
"Barclays Premier League","H. Lloris","Hugo","Hugo Lloris","Premier League","Lloris","Hugo Lloris"
"Barclays Premier League","K. Long","Kevin","Kevin Long","Premier League","Long","Kevin Long"
"Barclays Premier League","S. Long","Shane","Shane Long","Premier League","Long","Shane Long"
"Barclays Premier League","D. Lovren","Dejan","Dejan Lovren","Premier League","Lovren","Dejan Lovren"
"Barclays Premier League","M. Lowton","Matthew","Matthew Lowton","Premier League","Lowton","Matthew Lowton"
"Barclays Premier League","R. Lukaku","Romelu","Romelu Lukaku","Premier League","Lukaku","Romelu Lukaku"
"Barclays Premier League","M. Macey","Matthew","Matthew Macey","Premier League","Macey","Matthew Macey"
"Barclays Premier League","H. Maguire","Harry","Harry Maguire","Premier League","Maguire","Harry Maguire"
"Barclays Premier League","R. Mahrez","Riyad","Riyad Mahrez","Premier League","Mahrez","Riyad Mahrez"
"Barclays Premier League","A. Maitland-Niles","Ainsley","Ainsley Maitland-Niles","Premier League","Maitland-Niles","Ainsley Maitland-Niles"
"Barclays Premier League","S. Mane","Sadio","Sadio Mane","Premier League","Mane","Sadio Mane"
"Barclays Premier League","E. Mangala","Eliaquim","Eliaquim Mangala","Premier League","Mangala","Eliaquim Mangala"
"Barclays Premier League","V. Mannone","Vito","Vito Mannone","Premier League","Mannone","Vito Mannone"
"Barclays Premier League","J. Manquillo Gaitn","Javier","Javier Manquillo Gaitn","Premier League","Manquillo Gaitn","Javi Manquillo"
"Barclays Premier League","A. Mariappa","Adrian","Adrian Mariappa","Premier League","Mariappa","Adrian Mariappa"
"Barclays Premier League","L. Markovic","Lazar","Lazar Markovic","Premier League","Markovic","Lazar Markovic"
"Barclays Premier League","D. Marney","Dean","Dean Marney","Premier League","Marney","Dean Marney"
"Barclays Premier League","D. Martinez","Damian","Damian Emiliano  Martinez","Premier League","Martinez","Emiliano Martinez"
"Barclays Premier League","R. Mason","Ryan","Ryan Glen Mason","Premier League","Mason","Ryan Mason"
"Barclays Premier League","J. Mata","Juan","Juan Manuel Garcia Mata","Premier League","Mata","Juan Mata"
"Barclays Premier League","N. Matic","Nemanja","Nemanja Matic","Premier League","Matic","Nemanja Matic"
"Barclays Premier League","C. Mavrias","Charalampos","Charalampos Mavrias","Premier League","Mavrias","Charalampos Mavrias"
"Barclays Premier League","E. Mayuka","Emmanuel","Emmanuel Mayuka","Premier League","Mayuka","Emmanuel Mayuka"
"Barclays Premier League","J. McArthur","James","James McArthur","Premier League","McArthur","James McArthur"
"Barclays Premier League","G. McAuley","Gareth","Gareth McAuley","Premier League","McAuley","Gareth McAuley"
"Barclays Premier League","A. McCarthy","Alex","Alex McCarthy","Premier League","McCarthy","Alex McCarthy"
"Barclays Premier League","J. McCarthy","James","James McCarthy","Premier League","McCarthy","James McCarthy"
"Barclays Premier League","J. McCarthy","Jason","Jason McCarthy","Premier League","McCarthy","Jason McCarthy"
"Barclays Premier League","P. McCarthy","Patrick","Patrick McCarthy","Premier League","McCarthy","Patrick McCarthy"
"Barclays Premier League","A. McGeady","Aiden","Aiden McGeady","Premier League","McGeady","Aiden McGeady"
"Barclays Premier League","A. McGregor","Allan","Allan McGregor","Premier League","McGregor","Allan McGregor"
"Barclays Premier League","P. McNair","Patrick","Patrick McNair","Premier League","McNair","Patrick McNair"
"Barclays Premier League","S. McQueen","Sam","Sam McQueen","Premier League","McQueen","Sam McQueen"
"Barclays Premier League","P. McShane","Paul","Paul McShane","Premier League","McShane","Paul McShane"
"Barclays Premier League","B. Mee","Benjamin","Benjamin Mee","Premier League","Mee","Benjamin Mee"
"Barclays Premier League","P. Mertesacker","Per","Per Mertesacker","Premier League","Mertesacker","Per Mertesacker"
"Barclays Premier League","D. Meyler","David","David Meyler","Premier League","Meyler","David Meyler"
"Barclays Premier League","S. Mignolet","Simon","Simon Mignolet","Premier League","Mignolet","Simon Mignolet"
"Barclays Premier League","J. Mikel","John Obi","John Obi John Mikel","Premier League","Mikel","John Obi Mikel"
"Barclays Premier League","J. Milner","James","James Milner","Premier League","Milner","James Milner"
"Barclays Premier League","K. Mirallas","Kevin","Kevin Mirallas","Premier League","Mirallas","Kevin Mirallas"
"Barclays Premier League","N. Monreal","Nacho","Nacho Monreal","Premier League","Monreal","Nacho Monreal"
"Barclays Premier League","J. Montero","Jefferson","Jefferson Montero","Premier League","Montero","Jefferson Montero"
"Barclays Premier League","L. Moore","Liam","Liam Moore","Premier League","Moore","Liam Moore"
"Barclays Premier League","A. Moreno","Alberto","Alberto Moreno","Premier League","Moreno","Alberto Moreno"
"Barclays Premier League","W. Morgan","Wes","Wes Morgan","Premier League","Morgan","Wes Morgan"
"Barclays Premier League","J. Morrison","James","James Morrison","Premier League","Morrison","James Morrison"
"Barclays Premier League","R. Morrison","Ravel","Ravel Morrison","Premier League","Morrison","Ravel Morrison"
"Barclays Premier League","V. Moses","Victor","Victor Moses","Premier League","Moses","Victor Moses"
"Barclays Premier League","Y. Mulumbu","Youssuf","Youssuf Mulumbu","Premier League","Mulumbu","Youssuf Mulumbu"
"Barclays Premier League","M. Muniesa","Marc","Marc Muniesa","Premier League","Muniesa","Marc Muniesa"
"Barclays Premier League","B. Murphy","Brian","Brian Murphy","Premier League","Murphy","Brian Murphy"
"Barclays Premier League","G. Murray","Glenn","Glenn Murray","Premier League","Murray","Glenn Murray"
"Barclays Premier League","J. Mutch","Jordon","Jordon Mutch","Premier League","Mutch","Jordon Mutch"
"Barclays Premier League","B. Myhill","Boaz","Boaz Myhill","Premier League","Myhill","Boaz Myhill"
"Barclays Premier League","C. N'Zogbia","Charles","Charles N'Zogbia","Premier League","N'Zogbia","Charles N'Zogbia"
"Barclays Premier League","S. Naismith","Steven","Steven Naismith","Premier League","Naismith","Steven Naismith"
"Barclays Premier League","L. O'Neil","Liam","Liam O'Neil","Premier League","O'Neil","Liam O'Neil"
"Barclays Premier League","J. O'Shea","John","John O'Shea","Premier League","O'Shea","John O'Shea"
"Barclays Premier League","G. Obertan","Gabriel","Gabriel Obertan","Premier League","Obertan","Gabriel Obertan"
"Barclays Premier League","P. Odemwingie","Peter","Peter Odemwingie","Premier League","Odemwingie","Peter Odemwingie"
"Barclays Premier League","J. Okore","Jores","Jores Okore","Premier League","Okore","Jores Okore"
"Barclays Premier League","A. Oliveira","Anderson","Anderson Oliveira","Premier League","Oliveira","Anderson"
"Barclays Premier League","J. Olsson","Jonas","Jonas Olsson","Premier League","Olsson","Jonas Olsson"
"Barclays Premier League","N. Onuoha","Nedum","Nedum Onuoha","Premier League","Onuoha","Nedum Onuoha"
"Barclays Premier League","L. Osman","Leon","Leon Osman","Premier League","Osman","Leon Osman"
"Barclays Premier League","D. Ospina","David","David Ospina","Premier League","Ospina","David Ospina"
"Barclays Premier League","B. Oviedo","Bryan","Bryan Oviedo","Premier League","Oviedo","Bryan Oviedo"
"Barclays Premier League","A. Oxlade-Chamberlain","Alex","Alex Oxlade-Chamberlain","Premier League","Oxlade-Chamberlain","Alex Oxlade-Chamberlain"
"Barclays Premier League","C. Pantilimon","Costel","Costel Pantilimon","Premier League","Pantilimon","Costel Pantilimon"
"Barclays Premier League","G. Pelle","Graziano","Graziano Pelle","Premier League","Pelle","Graziano Pelle"
"Barclays Premier League","A. Pereira","Andreas","Andreas Pereira","Premier League","Pereira","Andreas Pereira"
"Barclays Premier League","L. Pezzini-Leiva","Lucas","Lucas Pezzini-Leiva","Premier League","Pezzini-Leiva","Lucas"
"Barclays Premier League","M. Phillips","Matthew","Matthew Phillips","Premier League","Phillips","Matthew Phillips"
"Barclays Premier League","S. Pienaar","Steven","Steven Pienaar","Premier League","Pienaar","Steven Pienaar"
"Barclays Premier League","E. Pieters","Erik","Erik Pieters","Premier League","Pieters","Erik Pieters"
"Barclays Premier League","S. Pocognoli","Sbastien","Sbastien Pocognoli","Premier League","Pocognoli","Sbastien Pocognoli"
"Barclays Premier League","L. Podolski","Lukas","Lukas Podolski","Premier League","Podolski","Lukas Podolski"
"Barclays Premier League","N. Powell","Nick","Nick Powell","Premier League","Powell","Nick Powell"
"Barclays Premier League","D. Poyet","Diego","Diego Poyet","Premier League","Poyet","Diego Poyet"
"Barclays Premier League","J. Pozos","Jose","Jose Pozos","Premier League","Pozos","Jose Pozos"
"Barclays Premier League","J. Puncheon","Jason","Jason Puncheon","Premier League","Puncheon","Jason Puncheon"
"Barclays Premier League","A. Prez Gutirrez","Ayoze","Ayoze Prez Gutirrez","Premier League","Prez Gutirrez","Ayoze Prez"
"Barclays Premier League","S. Quinn","Stephen","Stephen Quinn","Premier League","Quinn","Stephen Quinn"
"Barclays Premier League","A. Ramsey","Aaron","Aaron Ramsey","Premier League","Ramsey","Aaron Ramsey"
"Barclays Premier League","G. Ramrez","Gastn","Gastn Ramrez","Premier League","Ramrez","Gastn Ramrez"
"Barclays Premier League","A. Rangel","Angel","Angel Rangel","Premier League","Rangel","Angel Rangel"
"Barclays Premier League","H. Reed","Harrison","Harrison Reed","Premier League","Reed","Harrison Reed"
"Barclays Premier League","F. Reges","Fernando","Fernando Francisco Reges","Premier League","Reges","Fernando"
"Barclays Premier League","S. Reid","Steven","Steven Reid","Premier League","Reid","Steven Reid"
"Barclays Premier League","W. Reid","Winston","Winston Reid","Premier League","Reid","Winston Reid"
"Barclays Premier League","A. Reveillere","Anthony","Anthony Reveillere","Premier League","Reveillere","Anthony Reveillere"
"Barclays Premier League","A. Richards","Ashley","Ashley Richards","Premier League","Richards","Ashley Richards"
"Barclays Premier League","K. Richardson","Kieran","Kieran Richardson","Premier League","Richardson","Kieran Richardson"
"Barclays Premier League","E. Riviere","Emmanuel","Emmanuel Riviere","Premier League","Riviere","Emmanuel Riviere"
"Barclays Premier League","V. Roberge","Valentin","Valentin Roberge","Premier League","Roberge","Valentin Roberge"
"Barclays Premier League","A. Robertson","Andrew","Andrew Robertson","Premier League","Robertson","Andrew Robertson"
"Barclays Premier League","J. Robles","Joel","Joel Robles","Premier League","Robles","Joel Robles"
"Barclays Premier League","T. Robson","Thomas","Thomas Robson","Premier League","Robson","Thomas Robson"
"Barclays Premier League","J. Rodwell","Jack","Jack Rodwell","Premier League","Rodwell","Jack Rodwell"
"Barclays Premier League","M. Rojo","Marcos","Marcos Rojo","Premier League","Rojo","Marcos Rojo"
"Barclays Premier League","W. Rooney","Wayne","Wayne Rooney","Premier League","Rooney","Wayne Rooney"
"Barclays Premier League","F. Rosa","Fernandinho","Fernandinho Rosa","Premier League","Rosa","Fernandinho"
"Barclays Premier League","D. Rose","Danny","Danny Rose","Premier League","Rose","Danny Rose"
"Barclays Premier League","L. Rosenior","Liam","Liam Rosenior","Premier League","Rosenior","Liam Rosenior"
"Barclays Premier League","T. Rosicky","Tomas","Tomas Rosicky","Premier League","Rosicky","Tomas Rosicky"
"Barclays Premier League","W. Routledge","Wayne","Wayne Routledge","Premier League","Routledge","Wayne Routledge"
"Barclays Premier League","A. Robertson","Andrew","Andrew Robertson","Premier League","Robertson","Andrew Robertson"
"Barclays Premier League","C. Robinson","Callum","Callum Robinson","Premier League","Robinson","Callum Robinson"
"Barclays Premier League","J. Robles","Joel","Joel Robles","Premier League","Robles","Joel Robles"
"Barclays Premier League","T. Robson","Thomas","Thomas Robson","Premier League","Robson","Thomas Robson"
"Barclays Premier League","J. Rodwell","Jack","Jack Rodwell","Premier League","Rodwell","Jack Rodwell"
"Barclays Premier League","M. Rojo","Marcos","Marcos Rojo","Premier League","Rojo","Marcos Rojo"
"Barclays Premier League","W. Rooney","Wayne","Wayne Rooney","Premier League","Rooney","Wayne Rooney"
"Barclays Premier League","F. Rosa","Fernandinho","Fernandinho Rosa","Premier League","Rosa","Fernandinho"
"Barclays Premier League","D. Rose","Danny","Danny Rose","Premier League","Rose","Danny Rose"
"Barclays Premier League","L. Rosenior","Liam","Liam Rosenior","Premier League","Rosenior","Liam Rosenior"
"Barclays Premier League","T. Rosicky","Tomas","Tomas Rosicky","Premier League","Rosicky","Tomas Rosicky"
"Barclays Premier League","W. Routledge","Wayne","Wayne Routledge","Premier League","Routledge","Wayne Routledge"
"Barclays Premier League","L. Rmy","Loc","Loc Rmy","Premier League","Rmy","Loc Rmy"
"Barclays Premier League","Y. Sagbo","Yannick","Yannick Sagbo","Premier League","Sagbo","Yannick Sagbo"
"Barclays Premier League","B. Sagna","Bacary","Bacary Sagna","Premier League","Sagna","Bacary Sagna"
"Barclays Premier League","D. Sakho","Diafra","Diafra Sakho","Premier League","Sakho","Diafra Sakho"
"Barclays Premier League","M. Sakho","Mamadou","Mamadou Sakho","Premier League","Sakho","Mamadou Sakho"
"Barclays Premier League","M. Salah","Mohamed","Mohamed Ghaly Salah","Premier League","Salah","Mohamed Salah"
"Barclays Premier League","G. Samaras","Giorgos","Giorgos Samaras","Premier League","Samaras","Giorgos Samaras"
"Barclays Premier League","A. San Miguel del Castillo","Adrin","Adrin San Miguel del Castillo","Premier League","San Miguel del Castillo","Adrin"
"Barclays Premier League","Y. Sanogo","Yaya","Yaya Sanogo","Premier League","Sanogo","Yaya Sanogo"
"Barclays Premier League","R. Santos do Nascimento","Ramires","Ramires Santos do Nascimento","Premier League","Santos do Nascimento","Ramires"
"Barclays Premier League","J. Schlupp","Jefferey","Jefferey Schlupp","Premier League","Schlupp","Jefferey Schlupp"
"Barclays Premier League","K. Schmeichel","Kasper","Kasper Schmeichel","Premier League","Schmeichel","Kasper Schmeichel"
"Barclays Premier League","M. Schneiderlin","Morgan","Morgan Schneiderlin","Premier League","Schneiderlin","Morgan Schneiderlin"
"Barclays Premier League","A. Schrrle","Andr","Andr Schrrle","Premier League","Schrrle","Andr Schrrle"
"Barclays Premier League","P. Senderos","Philippe","Philippe Senderos","Premier League","Senderos","Philippe Senderos"
"Barclays Premier League","S. Sessegnon","Stephane","Stephane Sessegnon","Premier League","Sessegnon","Stephane Sessegnon"
"Barclays Premier League","J. Shackell","Jason","Jason Shackell","Premier League","Shackell","Jason Shackell"
"Barclays Premier League","L. Shaw","Luke","Luke Shaw","Premier League","Shaw","Luke Shaw"
"Barclays Premier League","R. Shawcross","Ryan","Ryan Shawcross","Premier League","Shawcross","Ryan Shawcross"
"Barclays Premier League","J. Sheehan","Josh","Josh Sheehan","Premier League","Sheehan","Josh Sheehan"
"Barclays Premier League","J. Shelvey","Jonjo","Jonjo Shelvey","Premier League","Shelvey","Jonjo Shelvey"
"Barclays Premier League","O. Shenton","Oliver","Oliver Shenton","Premier League","Shenton","Oliver Shenton"
"Barclays Premier League","L. Shephard","Liam","Liam Shephard","Premier League","Shephard","Liam Shephard"
"Barclays Premier League","S. Sidwell","Steve","Steve Sidwell","Premier League","Sidwell","Steve Sidwell"
"Barclays Premier League","G. Sigurdsson","Gylfi","Gylfi Sigurdsson","Premier League","Sigurdsson","Gylfi Sigurdsson"
"Barclays Premier League","D. Silva","David","David Jimenez Silva","Premier League","Silva","David Silva"
"Barclays Premier League","D. Simpson","Danny","Danny Simpson","Premier League","Simpson","Danny Simpson"
"Barclays Premier League","S. Sinclair","Scott","Scott Sinclair","Premier League","Sinclair","Scott Sinclair"
"Barclays Premier League","M. Sissoko","Moussa","Moussa Sissoko","Premier League","Sissoko","Moussa Sissoko"
"Barclays Premier League","M. Skrtel","Martin","Martin Skrtel","Premier League","Skrtel","Martin Skrtel"
"Barclays Premier League","C. Smalling","Chris","Chris Smalling","Premier League","Smalling","Chris Smalling"
"Barclays Premier League","A. Smith","Adam","Adam Smith","Premier League","Smith","Adam Smith"
"Barclays Premier League","R. Snodgrass","Robert","Robert Snodgrass","Premier League","Snodgrass","Robert Snodgrass"
"Barclays Premier League","D. Solanke","Dominic","Dominic Solanke","Premier League","Solanke","Dominic Solanke"
"Barclays Premier League","R. Soldado","Roberto","Roberto Soldado","Premier League","Soldado","Roberto Soldado"
"Barclays Premier League","A. Song","Alex","Alex Song","Premier League","Song","Alex Song"
"Barclays Premier League","M. Sordell","Marvin","Marvin Sordell","Premier League","Sordell","Marvin Sordell"
"Barclays Premier League","T. Sorensen","Thomas","Thomas Sorensen","Premier League","Sorensen","Thomas Sorensen"
"Barclays Premier League","B. Stambouli","Benjamin","Benjamin Stambouli","Premier League","Stambouli","Benjamin Stambouli"
"Barclays Premier League","J. Stephens","Jack","Jack Stephens","Premier League","Stephens","Jack Stephens"
"Barclays Premier League","R. Sterling","Raheem","Raheem Sterling","Premier League","Sterling","Raheem Sterling"
"Barclays Premier League","J. Stones","John","John Stones","Premier League","Stones","John Stones"
"Barclays Premier League","R. Streete","Remie","Remie Streete","Premier League","Streete","Remie Streete"
"Barclays Premier League","D. Sturridge","Daniel","Daniel Sturridge","Premier League","Sturridge","Daniel Sturridge"
"Barclays Premier League","Y. Suk-Young","Yun","Yun Suk-Young","Premier League","Suk-Young","Yun Suk-Young"
"Barclays Premier League","K. Sung-Yeung","Ki","Ki Sung-Yeung","Premier League","Sung-Yeung","Ki Sung-Yeung"
"Barclays Premier League","W. Szczesny","Wojciech","Wojciech Szczesny","Premier League","Szczesny","Wojciech Szczesny"
"Barclays Premier League","A. Snchez","Alexis","Alexis Snchez","Premier League","Snchez","Alexis Snchez"
"Barclays Premier League","C. Snchez","Carlos","Carlos Snchez","Premier League","Snchez","Carlos Snchez"
"Barclays Premier League","J. Snchez Daz","Jos","Jos Enrique Snchez Daz","Premier League","Snchez Daz","Jos Enrique"
"Barclays Premier League","A. Taarabt","Adel","Adel Taarabt","Premier League","Taarabt","Adel Taarabt"
"Barclays Premier League","D. Tadic","Dusan","Dusan Tadic","Premier League","Tadic","Dusan Tadic"
"Barclays Premier League","M. Targett","Matt","Matt Targett","Premier League","Targett","Matt Targett"
"Barclays Premier League","A. Tavares Varela","Adilson Cabral","Adilson Cabral Tavares Varela","Premier League","Tavares Varela","Cabral"
"Barclays Premier League","M. Taylor","Matthew","Matthew Taylor","Premier League","Taylor","Matthew Taylor"
"Barclays Premier League","N. Taylor","Neil","Neil Taylor","Premier League","Taylor","Neil Taylor"
"Barclays Premier League","R. Taylor","Ryan","Ryan Taylor","Premier League","Taylor","Ryan Taylor"
"Barclays Premier League","S. Taylor","Steven","Steven Taylor","Premier League","Taylor","Steven Taylor"
"Barclays Premier League","G. Taylor-Fletcher","Gary","Gary Taylor-Fletcher","Premier League","Taylor-Fletcher","Gary Taylor-Fletcher"
"Barclays Premier League","S. Tader","Saphir","Saphir Tader","Premier League","Tader","Saphir Tader"
"Barclays Premier League","D. Teixeira","Dionatan","Dionatan do Nascimento Teixeira","Premier League","Teixeira","Dionatan Teixeira"
"Barclays Premier League","J. Terry","John","John Terry","Premier League","Terry","John Terry"
"Barclays Premier League","J. Thomas","Jerome","Jerome Thomas","Premier League","Thomas","Jerome Thomas"
"Barclays Premier League","T. Thorpe","Tom","Tom Thorpe","Premier League","Thorpe","Tom Thorpe"
"Barclays Premier League","D. Tiendalli","Dwight","Dwight Tiendalli","Premier League","Tiendalli","Dwight Tiendalli"
"Barclays Premier League","I. Tiot","Ismael","Ismael Tiot","Premier League","Tiot","Ismael Tiot"
"Barclays Premier League","J. Tomkins","James","James Tomkins","Premier League","Tomkins","James Tomkins"
"Barclays Premier League","F. Torres","Fernando","Fernando Torres","Premier League","Torres","Fernando Torres"
"Barclays Premier League","K. Tour","Kolo","Kolo Tour","Premier League","Tour","Kolo Tour"
"Barclays Premier League","Y. Tour","Yaya","Yaya Tour","Premier League","Tour","Yaya Tour"
"Barclays Premier League","A. Townsend","Andros","Andros Townsend","Premier League","Townsend","Andros Townsend"
"Barclays Premier League","A. Traore","Armand","Armand Traore","Premier League","Traore","Armand Traore"
"Barclays Premier League","G. Tremmel","Gerhard","Gerhard Tremmel","Premier League","Tremmel","Gerhard Tremmel"
"Barclays Premier League","K. Trippier","Kieran","Kieran Trippier","Premier League","Trippier","Kieran Trippier"
"Barclays Premier League","J. Ulloa","Jos","Jos Leonardo Ulloa","Premier League","Ulloa","Leonardo Ulloa"
"Barclays Premier League","A. Valencia","Antonio","Antonio Valencia","Premier League","Valencia","Antonio Valencia"
"Barclays Premier League","E. Valencia","Enner","Enner Valencia","Premier League","Valencia","Enner Valencia"
"Barclays Premier League","P. Van Aanholt","Patrick","Patrick Van Aanholt","Premier League","Van Aanholt","Patrick Van Aanholt"
"Barclays Premier League","R. van Persie","Robin","Robin van Persie","Premier League","van Persie","Robin van Persie"
"Barclays Premier League","J. Vardy","Jamie","Jamie Vardy","Premier League","Vardy","Jamie Vardy"
"Barclays Premier League","E. Vargas","Eduardo","Eduardo Vargas","Premier League","Vargas","Eduardo Vargas"
"Barclays Premier League","R. Vaz Te","Ricardo","Ricardo Vaz Te","Premier League","Vaz Te","Ricardo Vaz Te"
"Barclays Premier League","S. Vergini","Santiago","Santiago Vergini","Premier League","Vergini","Santiago Vergini"
"Barclays Premier League","M. Vermijl","Marnick","Marnick Vermijl","Premier League","Vermijl","Marnick Vermijl"
"Barclays Premier League","J. Vertonghen","Jan","Jan Vertonghen","Premier League","Vertonghen","Jan Vertonghen"
"Barclays Premier League","R. Vlaar","Ron","Ron Vlaar","Premier League","Vlaar","Ron Vlaar"
"Barclays Premier League","M. Vorm","Michel","Michel Vorm","Premier League","Vorm","Michel Vorm"
"Barclays Premier League","T. Walcott","Theo","Theo Walcott","Premier League","Walcott","Theo Walcott"
"Barclays Premier League","J. Walters","Jonathan","Jonathan Walters","Premier League","Walters","Jonathan Walters"
"Barclays Premier League","V. Wanyama","Victor","Victor Wanyama","Premier League","Wanyama","Victor Wanyama"
"Barclays Premier League","J. Ward","Joel","Joel Ward","Premier League","Ward","Joel Ward"
"Barclays Premier League","S. Ward","Stephen","Stephen Ward","Premier League","Ward","Stephen Ward"
"Barclays Premier League","J. Ward-Prowse","James","James Ward-Prowse","Premier League","Ward-Prowse","James Ward-Prowse"
"Barclays Premier League","M. Wasilewski","Marcin","Marcin Wasilewski","Premier League","Wasilewski","Marcin Wasilewski"
"Barclays Premier League","R. Watson","Rory","Rory Watson","Premier League","Watson","Rory Watson"
"Barclays Premier League","A. Weimann","Andreas","Andreas Weimann","Premier League","Weimann","Andreas Weimann"
"Barclays Premier League","D. Welbeck","Danny","Danny Welbeck","Premier League","Welbeck","Danny Welbeck"
"Barclays Premier League","A. Westwood","Ashley","Ashley Westwood","Premier League","Westwood","Ashley Westwood"
"Barclays Premier League","G. Whelan","Glenn","Glenn Whelan","Premier League","Whelan","Glenn Whelan"
"Barclays Premier League","C. Wickham","Connor","Connor Wickham","Premier League","Wickham","Connor Wickham"
"Barclays Premier League","A. Williams","Ashley","Ashley Williams","Premier League","Williams","Ashley Williams"
"Barclays Premier League","J. Williams","Jonathan","Jonathan Williams","Premier League","Williams","Jonathan Williams"
"Barclays Premier League","M. Williamson","Michael","Michael Williamson","Premier League","Williamson","Michael Williamson"
"Barclays Premier League","J. Wilshere","Jack","Jack Wilshere","Premier League","Wilshere","Jack Wilshere"
"Barclays Premier League","J. Wilson","James","James Wilson","Premier League","Wilson","James Wilson"
"Barclays Premier League","M. Wilson","Marc","Marc Wilson","Premier League","Wilson","Marc Wilson"
"Barclays Premier League","A. Wisdom","Andre","Andre Wisdom","Premier League","Wisdom","Andre Wisdom"
"Barclays Premier League","C. Wood","Chris","Chris Wood","Premier League","Wood","Chris Wood"
"Barclays Premier League","S. Wright-Phillips","Shaun","Shaun Wright-Phillips","Premier League","Wright-Phillips","Shaun Wright-Phillips"
"Barclays Premier League","C. Yacob","Claudio","Claudio Yacob","Premier League","Yacob","Claudio Yacob"
"Barclays Premier League","M. Yoshida","Maya","Maya Yoshida","Premier League","Yoshida","Maya Yoshida"
"Barclays Premier League","A. Young","Ashley","Ashley Young","Premier League","Young","Ashley Young"
"Barclays Premier League","P. Zabaleta","Pablo","Pablo Zabaleta","Premier League","Zabaleta","Pablo Zabaleta"
"Barclays Premier League","W. Zaha","Wilfried","Wilfried Zaha","Premier League","Zaha","Wilfried Zaha"
"Barclays Premier League","B. Zamora","Bobby","Bobby Zamora","Premier League","Zamora","Bobby Zamora"
"Barclays Premier League","K. Zouma","Kurt","Kurt Zouma","Premier League","Zouma","Kurt Zouma"
"Barclays Premier League","M. Zrate","Mauro","Mauro Zrate","Premier League","Zrate","Mauro Zrate"
"Barclays Premier League","R. lvarez","Ricardo","Ricardo lvarez","Premier League","lvarez","Ricardo lvarez"
"Barclays Premier League","M. zil","Mesut","Mesut zil","Premier League","zil","Mesut zil"
"Barclays Premier League","Nani","Nani","John Swift","Premier League","Swift","Nani"
"Barclays Premier League","J. Swift","John","Wojciech Szczesny","Premier League","Szczesny","John Swift"
"Barclays Premier League","W. Szczesny","Wojciech","Alexis Snchez","Premier League","Snchez","Wojciech Szczesny"
"Barclays Premier League","A. Snchez","Alexis","Jos Enrique Snchez Daz","Premier League","Snchez Daz","Alexis Snchez"
"Barclays Premier League","J. Snchez Daz","Jos","Adel Taarabt","Premier League","Taarabt","Jos Enrique"
"Barclays Premier League","A. Taarabt","Adel","Dusan Tadic","Premier League","Tadic","Adel Taarabt"
"Barclays Premier League","D. Tadic","Dusan","Alan Tate","Premier League","Tate","Dusan Tadic"
"Barclays Premier League","A. Tate","Alan","Adilson Cabral Tavares Varela","Premier League","Tavares Varela","Alan Tate"
"Barclays Premier League","A. Tavares Varela","Adilson Cabral","Matthew Taylor","Premier League","Taylor","Cabral"
"Barclays Premier League","M. Taylor","Matthew","Neil Taylor","Premier League","Taylor","Matthew Taylor"
"Barclays Premier League","N. Taylor","Neil","Ryan Taylor","Premier League","Taylor","Neil Taylor"
"Barclays Premier League","R. Taylor","Ryan","Steven Taylor","Premier League","Taylor","Ryan Taylor"
"Barclays Premier League","S. Taylor","Steven","Gary Taylor-Fletcher","Premier League","Taylor-Fletcher","Steven Taylor"
"Barclays Premier League","G. Taylor-Fletcher","Gary","Dionatan do Nascimento Teixeira","Premier League","Teixeira","Gary Taylor-Fletcher"
"Barclays Premier League","D. Teixeira","Dionatan","John Terry","Premier League","Terry","Dionatan do Nascimento Teixeira"
"Barclays Premier League","J. Terry","John","Jerome Thomas","Premier League","Thomas","John Terry"
"Barclays Premier League","J. Thomas","Jerome","Dwight Tiendalli","Premier League","Tiendalli","Jerome Thomas"
"Barclays Premier League","D. Tiendalli","Dwight","Ismael Tiot","Premier League","Tiot","Dwight Tiendalli"
"Barclays Premier League","I. Tiot","Ismael","James Tomkins","Premier League","Tomkins","Ismael Tiot"
"Barclays Premier League","J. Tomkins","James","Aleksandar Tonev","Premier League","Tonev","James Tomkins"
"Barclays Premier League","A. Tonev","Aleksandar","Fernando Torres","Premier League","Torres","Aleksandar Tonev"
"Barclays Premier League","F. Torres","Fernando","Kolo Tour","Premier League","Tour","Fernando Torres"
"Barclays Premier League","K. Tour","Kolo","Yaya Tour","Premier League","Tour","Kolo Tour"
"Barclays Premier League","Y. Tour","Yaya","Andros Townsend","Premier League","Townsend","Yaya Tour"
"Barclays Premier League","A. Townsend","Andros","Conor Townsend","Premier League","Townsend","Andros Townsend"
"Barclays Premier League","C. Townsend","Conor","Armand Traore","Premier League","Traore","Conor Townsend"
"Barclays Premier League","A. Traore","Armand","Gerhard Tremmel","Premier League","Tremmel","Armand Traore"
"Barclays Premier League","G. Tremmel","Gerhard","Keiran Trippier","Premier League","Trippier","Gerhard Tremmel"
"Barclays Premier League","K. Trippier","Keiran","Jos Leonardo Ulloa","Premier League","Ulloa","Keiran Trippier"
"Barclays Premier League","J. Ulloa","Jos","Matthew Upson","Premier League","Upson","Jos Ulloa"
"Barclays Premier League","M. Upson","Matthew","Antonio Valencia","Premier League","Valencia","Matthew Upson"
"Barclays Premier League","A. Valencia","Antonio","Enner Valencia","Premier League","Valencia","Antonio Valencia"
"Barclays Premier League","E. Valencia","Enner","Patrick Van Aanholt","Premier League","Van Aanholt","Enner Valencia"
"Barclays Premier League","P. Van Aanholt","Patrick","Marco van Ginkel","Premier League","van Ginkel","Patrick Van Aanholt"
"Barclays Premier League","M. van Ginkel","Marco","Robin van Persie","Premier League","van Persie","Marco van Ginkel"
"Barclays Premier League","R. van Persie","Robin","Jamie Vardy","Premier League","Vardy","Robin van Persie"
"Barclays Premier League","J. Vardy","Jamie","Gullermo Varela","Premier League","Varela","Jamie Vardy"
"Barclays Premier League","G. Varela","Gullermo","Ricardo Vaz Te","Premier League","Vaz Te","Gullermo Varela"
"Barclays Premier League","R. Vaz Te","Ricardo","Milos Veljkovic","Premier League","Veljkovic","Ricardo Vaz Te"
"Barclays Premier League","M. Veljkovic","Milos","Thomas Vermaelen","Premier League","Vermaelen","Milos Veljkovic"
"Barclays Premier League","T. Vermaelen","Thomas","Jan Vertonghen","Premier League","Vertonghen","Thomas Vermaelen"
"Barclays Premier League","J. Vertonghen","Jan","Vilaa Teixeira","Premier League","Vilaa Teixeira","Jan Vertonghen"
"Barclays Premier League","Vilaa Teixeira","Ron","Ron Vlaar","Premier League","Vlaar","Joo Carlos"
"Barclays Premier League","R. Vlaar","Sam","Sam Vokes","Premier League","Vokes","Ron Vlaar"
"Barclays Premier League","S. Vokes","Michel","Michel Vorm","Premier League","Vorm","Sam Vokes"
"Barclays Premier League","M. Vorm","Haris","Haris Vuckic","Premier League","Vuckic","Michel Vorm"
"Barclays Premier League","H. Vuckic","Theo","Theo Walcott","Premier League","Walcott","Haris Vuckic"
"Barclays Premier League","T. Walcott","Kyle","Kyle Walker","Premier League","Walker","Theo Walcott"
"Barclays Premier League","K. Walker","Ross","Ross Wallace","Premier League","Wallace","Kyle Walker"
"Barclays Premier League","R. Wallace","Jonathan","Jonathan Walters","Premier League","Walters","Ross Wallace"
"Barclays Premier League","J. Walters","Pablo","Pablo Zabaleta","Premier League","Zabaleta","Jonathan Walters"
"Barclays Premier League","P. Zabaleta","Gregor","Gregor Zabret","Premier League","Zabret","Pablo Zabaleta"
"Barclays Premier League","G. Zabret","Wilfried","Wilfried Zaha","Premier League","Zaha","Gregor Zabret"
"Barclays Premier League","W. Zaha","Bobby","Bobby Zamora","Premier League","Zamora","Wilfried Zaha"
"Barclays Premier League","B. Zamora","Gideon","Gideon Zelalem","Premier League","Zelalem","Bobby Zamora"
"Barclays Premier League","G. Zelalem","Kurt","Kurt Zouma","Premier League","Zouma","Gideon Zelalem"
"Barclays Premier League","K. Zouma","Bruno","Bruno Zuculini","Premier League","Zuculini","Kurt Zouma"
"Barclays Premier League","B. Zuculini","Mauro","Mauro Zrate","Premier League","Zrate","Bruno Zuculini"
"Barclays Premier League","M. Zrate","Mesut","Mesut zil","Premier League","zil","Mauro Zrate"
"Barclays Premier League","M. zil","Nani","","Premier League","","Mesut zil"
"Barclays Premier League","Nani","","","Premier League","","Nani"
